insert into tbl_shipping (sid, method, price, canbundle) values (1,'FREE', 0,true)
insert into tbl_goods (gid, name, provider, price) values (1,'Python Hood T-Shirts','StyleShare',20000)
insert into tbl_opt (oid, color, size, stock,goodno) values (1001,'yellow','S',10,1)
insert into tbl_opt (oid, color, size, stock,goodno) values (1002,'yellow','M',10,1)
insert into tbl_opt (oid, color, size, stock,goodno) values (1003,'yellow','L',10,1)
insert into tbl_opt (oid, color, size, stock,goodno) values (1004,'blue','S',10,1)
insert into tbl_opt (oid, color, size, stock,goodno) values (1005,'blue','M',10,1)
insert into tbl_opt (oid, color, size, stock,goodno) values (1006,'blue','L',10,1)

insert into tbl_shipping (sid, method, price, canbundle) values (2,'PREPAY', 3000,true)
insert into tbl_goods (gid, name, provider, price) values (2,'JAVA Round T-Shirts','StyleShare',15000)
insert into tbl_opt (oid, color, size, stock,goodno) values (2001,'green','S',10,2)
insert into tbl_opt (oid, color, size, stock,goodno) values (2002,'green','M',10,2)
insert into tbl_opt (oid, color, size, stock,goodno) values (2003,'green','L',10,2)

insert into tbl_shipping (sid, method, price, canbundle) values (3,'PREPAY', 5000,false)
insert into tbl_goods (gid, name, provider, price) values (3,'PHP V Neck T-Shirts','StyleShare',15000)
insert into tbl_opt (oid, color, size, stock,goodno) values (3001,'violet','S',10,3)
insert into tbl_opt (oid, color, size, stock,goodno) values (3002,'violet','M',10,3)
insert into tbl_opt (oid, color, size, stock,goodno) values (3003,'violet','L',10,3)

insert into tbl_shipping (sid, method, price, canbundle) values (4,'FREE', 0,true)
insert into tbl_goods (gid, name, provider, price) values (4,'Flask Jacket','StyleShare',3000)
insert into tbl_opt (oid, color, size, stock,goodno) values (4001,'black','S',10,4)
insert into tbl_opt (oid, color, size, stock,goodno) values (4002,'black','M',10,4)
insert into tbl_opt (oid, color, size, stock,goodno) values (4003,'black','L',10,4)

insert into tbl_shipping (sid, method, price, canbundle) values (5,'FREE', 0,true)
insert into tbl_goods (gid, name, provider, price) values (5,'Spring Boot Jacket','StyleShare',20000)
insert into tbl_opt (oid, color, size, stock,goodno) values (5001,'yellowgreen','S',10,5)
insert into tbl_opt (oid, color, size, stock,goodno) values (5002,'yellowgreen','M',10,5)
insert into tbl_opt (oid, color, size, stock,goodno) values (5003,'yellowgreen','L',10,5)
insert into tbl_opt (oid, color, size, stock,goodno) values (5004,'yellowgreen','XL',10,5)

insert into tbl_shipping (sid, method, price, canbundle) values (6,'PREPAY', 5000,true)
insert into tbl_goods (gid, name, provider, price) values (6,'Spring Boot Jacket','StyleShare',5000)
insert into tbl_opt (oid, color, size, stock,goodno) values (6001,'red','S',10,6)
insert into tbl_opt (oid, color, size, stock,goodno) values (6002,'red','M',10,6)

insert into tbl_shipping (sid, method, price, canbundle) values (7,'PREPAY', 2500,true)
insert into tbl_goods (gid, name, provider, price) values (7,'Django Jacket','29cm',15000)
insert into tbl_opt (oid, color, size, stock,goodno) values (7001,'green','M',10,7)
insert into tbl_opt (oid, color, size, stock,goodno) values (7002,'green','L',10,7)

